SourceID,feature1,feature2,feature3,feature4,feature5,feature6,feature7,feature8,feature9,feature10
1,2.632598498,2.605258541,2.256334776,0.396946818,1.792079689,1.687004863,1.636337852,1.124591173,1.518090194,0.84034307
1,2.650734051,2.589055094,2.302627697,0.442676381,1.767755612,1.738676568,1.615138184,1.187096489,1.516671834,0.87964437
2,2.961979069,2.467961318,2.182048374,0.439476942,1.710669739,1.620325883,1.626129628,0.993176313,1.338220261,0.556400949
2,2.945660912,2.492296434,2.179463513,0.427489796,1.757332888,1.685472416,1.616733511,1.007451124,1.290788934,0.505195393
3,2.960720429,2.573878353,2.071448667,0.428201847,1.717068071,1.749157478,1.808602063,0.731248912,1.000207693,0.550739112
3,2.967617683,2.592292918,2.072639542,0.447124691,1.721932208,1.685246274,1.749282147,0.691995116,1.028402669,0.518102587
4,3.025518222,2.330226786,2.084156073,0.38494684,1.792768668,1.55970586,1.629452737,0.561267999,0.780669087,0.389372482
4,3.028069959,2.357254062,2.050912966,0.24903602,1.775033134,1.526018623,1.652148616,0.597937547,0.787682502,0.384767025
5,3.105221999,2.502505478,2.140895873,0.432618396,1.649317833,1.889939527,1.6623038,0.67338792,0.913028874,0.668770406
5,3.084272262,2.501324612,2.155906885,0.487239172,1.62677857,1.884927015,1.681704227,0.794590524,0.921251886,0.484710767
6,2.936038278,2.577672911,2.175539036,0.462955071,1.796929699,1.81487497,1.72564384,0.737972943,0.973645012,0.564976007
6,2.939231782,2.569780123,2.189758485,0.449451648,1.750409452,1.765050973,1.775618363,0.740787831,0.984452415,0.643506836
7,3.312035731,2.344129621,1.856944872,0.605635029,1.992569215,1.704165486,1.957679897,0.476885334,0.678101991,0.894681199
7,3.327393058,2.399026453,1.825405019,0.615483734,1.982876701,1.721874843,1.953401905,0.495443806,0.646888409,0.873196794
8,3.18182881,2.32667169,1.866054119,0.675467666,1.599344637,1.602895794,1.52817436,0.498446418,0.685842154,0.677254724
8,3.166452664,2.341543431,1.849011608,0.715733471,1.555748887,1.492102433,1.542925631,0.496629426,0.698684521,0.6557288
9,3.04799134,2.378237998,2.054202877,0.290594097,1.778586627,1.573234108,1.68289639,0.595448132,0.78680862,0.69034784
9,3.048712414,2.385063439,2.065491451,0.345176968,1.780949771,1.527236261,1.656194167,0.578096389,0.802842672,0.691814803
10,2.994041186,2.567988082,2.310594077,0.557754915,1.833810841,1.73528733,1.710673335,1.062728301,1.4181873,0.33137992
10,3.001253377,2.616072836,2.305224689,0.610926652,1.780958595,1.847830792,1.698384501,1.063591601,1.437234982,0.171422507
11,3.780170766,2.534324961,2.044571154,1.26130281,1.646718292,1.771470474,2.111608556,0.622248655,0.818522148,0.678491092
11,3.738350036,2.460001092,2.041594686,1.26471962,1.655167924,1.875698294,2.081498104,0.550169369,0.901136498,0.701318116
12,2.837845538,2.488663113,2.14108573,0.424913838,1.732836201,1.556775907,1.568735564,1.072527329,1.445871014,0.607285181
12,2.839507419,2.484166859,2.122647044,0.318266055,1.720126299,1.56420746,1.597904945,1.068203091,1.419837928,0.718515254
13,2.598560371,1.981727679,1.717263315,0.138595597,1.539094593,1.484431707,1.230979315,0.120704942,0.36680973,-0.335998512
13,2.616312289,1.96096307,1.70970309,0.153782269,1.556183264,1.567551496,1.237616214,0.274480895,0.390582712,0.043629822
14,2.973706591,2.596457361,2.256699538,0.574400681,1.803126011,1.790973748,1.695463907,1.108426501,1.395733565,0.729965462
14,2.961360249,2.581457452,2.272692882,0.560421736,1.767095732,1.790038154,1.643776084,1.089065588,1.383883259,0.728755089
15,3.240210069,2.315435489,1.924019941,0.744398878,1.591619649,1.647271284,1.468584871,0.654478164,0.862969204,0.847261626
15,3.22527546,2.310902319,1.917000881,0.762509409,1.555322744,1.617959903,1.498594632,0.641100012,0.864976778,0.86251423
16,2.828791517,2.554433784,2.336139797,0.526489281,1.734811094,1.621575673,1.560405367,1.02386899,1.369469385,0.769017206
16,2.833040312,2.588944852,2.310899188,0.370780824,1.689943849,1.634688669,1.582850849,1.064155597,1.390732954,0.770746716
17,2.756042544,2.477437793,2.203782654,0.188944807,1.588462892,1.749294005,1.585427397,0.776310046,1.044628816,0.679694239
17,2.744505255,2.480673905,2.21042322,0.199409185,1.618074328,1.757128585,1.547093162,0.791274017,0.995206136,0.693090529
18,2.832417942,2.602174585,2.340847353,0.480686077,1.800890983,1.821115952,1.62166583,1.199823173,1.447589413,0.870028376
18,2.859796406,2.581704303,2.314426371,0.374964536,1.786860865,1.730070494,1.646880235,1.157436362,1.449737681,0.859335517
19,2.872763456,2.475100491,2.24869272,0.439713734,1.751271494,1.625204012,1.598869611,1.071262055,1.358689381,0.51104592
19,2.874490494,2.470011236,2.24364834,0.468780684,1.725512131,1.694945138,1.555481817,1.047164698,1.353119035,0.385610064
20,3.240855166,2.387481205,1.989026056,0.736043014,1.54454068,1.965172184,1.712873266,0.608765663,0.912837043,0.808318316
20,3.224256795,2.392138354,1.970189604,0.75971901,1.545650957,1.97703191,1.721264843,0.714483348,0.873581947,0.865682064
21,3.071270593,2.50146036,2.153378813,0.63530626,1.779038373,1.668918295,1.783475262,1.029705106,1.362562605,1.029871093
21,3.077903657,2.543666199,2.160755562,0.692652116,1.791690092,1.676697069,1.748945235,1.038022479,1.358645715,1.100336731
22,3.338368532,2.548034023,1.834650648,0.686181976,2.026697119,1.706467039,1.968942864,0.220226284,0.566102181,0.856035175
22,3.333720748,2.549133445,1.835548326,0.647751969,2.028971696,1.766403828,1.971863599,0.503641274,0.538701349,0.848138261
23,3.456920054,2.558688228,1.086382045,1.013907154,1.493993662,2.046151396,1.931082044,0.647666425,0.88553104,0.555613719
23,3.466184375,2.498526452,0.990258854,1.006055783,1.516225545,2.125245426,1.944343071,0.672182783,0.897181424,0.526925773
24,3.289306057,2.325884515,1.970506459,1.243846514,1.805455271,1.763426142,2.737165608,1.024883322,1.146746111,1.235826723
24,3.284471869,2.298472321,1.999210162,1.243620363,1.811954197,1.734074309,2.725518239,1.050762826,1.138266176,1.307240681
25,2.528593241,1.613139878,1.208536923,-0.164377464,1.318758581,1.813337059,0.580931278,0.43916346,0.676639527,-0.147149977
25,2.53014904,1.767905554,1.205650787,-0.069425488,1.309207356,1.845404171,0.597342051,0.426681021,0.667436419,-0.227210991
26,3.000646954,2.563238739,2.237927308,0.457952761,1.695694309,1.711721999,1.757509182,0.764093198,0.969001442,0.612423122
26,2.993518568,2.56591513,2.219285845,0.495037763,1.704165416,1.674472001,1.772042637,0.828199989,0.978897575,0.605477571
27,3.32978892,2.367065608,1.790409826,0.660389847,1.994159428,1.52492663,1.979543736,0.542714771,0.708678399,0.923486674
27,3.337577555,2.389800932,1.799595742,0.644090432,2.015707032,1.647499956,1.978472877,0.537887781,0.755572147,0.805345201
28,3.40645317,2.538016436,2.039482594,0.834173326,1.550709742,1.726471241,1.872787568,0.689176192,0.865129355,0.831058748
28,3.407438436,2.507909313,2.050979074,0.856414008,1.536363416,1.72041555,1.871362147,0.69871676,0.887874809,0.774048187
29,3.330343203,2.495904832,1.812186721,0.661967419,1.959866974,1.75921737,2.019661959,0.402791363,0.665536394,1.309012303
29,3.313835151,2.532480468,1.813085613,0.663376386,1.954746763,1.805329152,1.983360128,0.393015463,0.657390276,1.322293943
30,3.050660639,2.442921111,2.081221648,0.402248262,1.816384607,1.66609191,1.684134182,0.653241558,0.84427998,0.486027717
30,3.038911619,2.371604972,2.074157409,0.5274736,1.815898995,1.649755283,1.732048183,0.693727469,0.877659705,0.483723913
31,2.927130201,2.520625255,2.223439275,0.444712613,1.688099061,1.709283044,1.753085218,0.742896474,0.926678843,0.632002349
31,2.917698149,2.520888675,2.220147857,0.436292158,1.72432228,1.590167511,1.726495281,0.716627187,0.977284434,0.620971086
32,2.983619246,2.400495721,2.009697598,0.276966145,1.761869427,1.572232639,1.716846154,0.570976221,0.86763418,0.493052041
32,2.96536026,2.24402763,2.016194467,0.43234999,1.809719725,1.496787416,1.716223532,0.560991286,0.850485553,0.46188822
33,3.30646868,2.366071802,1.870354002,0.642238183,1.962256948,1.651123616,1.890575056,0.503427007,0.625147776,0.927305684
33,3.316946536,2.430652799,1.872648635,0.640603967,1.995304082,1.644759526,1.901723779,0.492059463,0.64984104,0.924928418
34,2.826829007,2.547953982,2.288169661,0.470631495,1.728643978,1.682592443,1.501745415,1.063603339,1.403518731,0.871859277
34,2.828828411,2.544227005,2.285859688,0.387167895,1.71342416,1.689753377,1.508990281,1.028999053,1.400008016,0.917616142
35,3.344721656,2.460503207,1.827480118,0.557777767,2.017660182,1.674842467,1.972559872,0.363271462,0.517929734,1.087122164
35,3.340440561,2.46219676,1.832362112,0.548263586,2.041974831,1.714929286,1.968140836,0.395623667,0.499658744,0.979627414
36,3.332316546,2.332892258,1.858818308,0.623749432,1.989973235,1.721999216,1.938221805,0.51476999,0.68816578,0.597436669
36,3.3321382,2.362318765,1.845832783,0.636278076,1.99276639,1.726217238,1.939242211,0.526537004,0.707287362,0.70871921
37,2.943270945,2.57990776,2.323221526,0.572518173,1.714082269,1.766268655,1.688786383,1.107614105,1.469015737,0.542085686
37,2.92803956,2.571672002,2.310101911,0.424020478,1.699404174,1.824575413,1.64419063,1.128025904,1.462478762,0.497083007
38,3.870854226,2.737745477,4.005430784,1.409346136,1.981022761,2.425530433,3.666964242,0.823367362,1.07919814,2.039657357
38,3.877215861,2.717148368,4.014606446,1.390346209,2.048378367,2.584080523,3.636561452,0.760214833,1.080913665,2.08091697
39,3.376795514,2.586326879,1.843942872,0.670919867,1.986612071,1.783760405,1.975632246,0.424040324,0.559528831,0.972857544
39,3.376999476,2.456092226,1.823389501,0.65672743,2.016101713,1.875271091,2.005242486,0.377263444,0.538012829,1.007414451
40,3.37470004,2.381951053,1.845383179,0.760050585,2.027958188,1.745686551,2.06187028,0.556469949,0.714509471,1.272966789
40,3.365237943,2.345274866,1.856187758,0.648729059,2.005403099,1.793363776,2.063099385,0.556968361,0.697021492,1.266113541
41,3.316327683,2.481070862,1.806246426,0.624286651,2.031424313,1.776004151,1.98021043,0.395029606,0.58823798,1.063804282
41,3.323746326,2.47195951,1.809919917,0.630541313,1.971762419,1.74704975,1.962417526,0.506734878,0.56304401,1.074325724
42,2.931540125,2.575548162,2.04769215,0.283747792,1.732319964,1.604028023,1.637730837,0.622712553,0.940066552,0.71265655
42,2.953054316,2.537653765,2.070410979,0.351181706,1.682392794,1.632064754,1.618908835,0.655305475,0.982588863,0.706698901
43,3.315145659,1.978137972,1.738897686,0.554992405,2.034379387,1.34157122,1.85098091,0.232625869,0.479990205,0.515918713
43,3.342356538,1.979404732,1.729688108,0.58385166,2.014881268,1.333253286,1.844176013,0.226480131,0.426882307,0.536561956
44,3.357209113,2.350715684,1.889830628,0.630011461,2.032954164,1.750097124,2.004847558,0.540645466,0.719968154,0.717552564
44,3.368155778,2.360723244,1.896589686,0.695753082,2.014188386,1.767259778,2.013920457,0.526358946,0.729491831,0.689346444
45,2.889875539,2.502431006,2.183538571,0.337199055,1.728263126,1.697254809,1.704507456,0.781144055,0.979735613,0.682779675
45,2.89677219,2.550435687,2.189272714,0.426407946,1.650847439,1.7673076,1.714555918,0.691972749,0.980959535,0.648777565
46,3.396653298,2.39958766,1.890590967,0.694060377,2.034098392,1.69021184,1.981345488,0.436140988,0.730289629,0.616880622
46,3.357739099,2.291199703,1.886877651,0.709597936,1.976681849,1.678864062,1.916523679,0.503156713,0.748611975,0.566039829
47,3.406211249,2.632436489,1.791239485,0.859759005,1.716527029,2.26595401,2.366083936,1.017185372,1.193420594,1.877456588
47,3.405050682,2.620306854,1.723381536,0.858695477,1.683826586,2.305581107,2.366044881,1.06123587,1.197814288,1.887497447
48,3.483527767,2.911774766,1.766722673,1.020205126,1.527541999,2.192870097,2.067606167,0.807211436,1.044374763,1.311855325
48,3.49987457,2.919179218,1.741523073,1.051532755,1.452012404,2.249592423,1.993495361,0.798334357,1.03133207,1.312427386
49,3.526305246,2.303576493,0.942987799,0.964339848,1.45142763,1.822312551,2.00607566,0.418787304,0.74063205,0.792254153
49,3.540011015,2.341669287,0.931953245,1.003285098,1.427668243,1.747011864,1.996444569,0.429733332,0.774628597,0.809348461
50,2.923235294,2.555224648,2.205050236,0.501805908,1.786205244,1.737323206,1.776976032,0.735724107,1.048590289,0.610392382
50,2.960107813,2.570659958,2.184925631,0.451935703,1.741698605,1.760154886,1.730636847,0.692143903,0.999020411,0.582130658
51,2.421817132,2.727401207,1.103414158,-0.003115178,1.475626808,2.012929998,1.474746478,0.445296768,0.77243808,1.300531497
51,2.427423623,2.726195564,1.063686569,-0.015252746,1.482948613,2.048474118,1.509835792,0.44796727,0.754636222,1.285123884
52,3.188655964,2.589837468,1.945190512,0.484583184,1.928474022,1.941763271,1.785239265,0.680456688,0.92721579,0.41531212
52,3.186421547,2.586208404,1.944868008,0.498843307,1.91688794,1.966528042,1.781675258,0.664338392,0.925927412,0.425205082
53,2.954489962,2.522789912,2.197693855,0.505469119,1.68382747,1.614338782,1.631326938,1.031018919,1.381882357,0.729439257
53,2.941774047,2.52726327,2.197309981,0.512126657,1.684412292,1.632401769,1.635816417,1.028667355,1.381954412,0.74006438
54,3.005569942,2.489877357,2.178396923,0.498146307,1.634293079,1.788760815,1.69434624,0.683457309,0.92177723,0.552066723
54,3.010998665,2.406239384,2.190721626,0.476037926,1.62408557,1.77402661,1.694832345,0.673495637,0.897084524,0.556765343
55,3.503432439,2.538691376,2.210125284,0.95493106,1.7672118,1.526655377,2.035830393,0.803282319,0.960241616,0.582258614
55,3.502102015,2.475456868,2.228854756,0.920209226,1.77838419,1.532831599,2.007467319,0.772819782,0.984348985,0.584997637
56,3.085036624,2.574547638,2.206349047,0.631965531,1.735203225,1.778961495,1.705859228,1.02751484,1.356402987,0.83834587
56,3.08272516,2.608989463,2.201040365,0.693414505,1.746702518,1.606032726,1.716318973,1.020361447,1.357174039,0.78926531
57,3.30154063,2.234175128,1.941269933,0.554550535,1.969324684,1.5930287,1.903740671,0.468996472,0.697891434,0.553131547
57,3.314181756,2.27109717,1.967148348,0.550790728,1.983366774,1.567029832,1.910753948,0.463462864,0.651760989,0.50758245
58,2.871437675,2.47252311,2.183165154,0.366832859,1.670521579,1.56923248,1.642884231,0.73343447,0.933387959,0.493417065
58,2.884762876,2.53702265,2.178995231,0.392465299,1.659169905,1.572888977,1.662118696,0.686560838,0.908605954,0.49958395
59,3.255284938,2.503332614,1.696533434,0.486302535,1.925501194,1.778702118,1.910770567,0.441410416,0.630908298,0.898057647
59,3.236375125,2.516833666,1.676916851,0.491204531,1.924331435,1.793939549,1.912973574,0.446383131,0.64096537,0.897915213
60,3.086754866,2.348566711,1.940105472,0.414399996,1.805532526,1.656776642,1.707221635,0.510411238,0.687978329,0.868261484
60,3.095258465,2.305964101,1.973879681,0.46952713,1.821960718,1.68301703,1.705081103,0.523242574,0.706676626,0.866942769
61,3.205407276,2.614897475,1.815567465,0.446295094,1.954702545,1.72179472,1.799133042,0.41356941,0.622101812,0.873382011
61,3.197089684,2.567727288,1.773087949,0.469744531,1.94637269,1.731905154,1.851208894,0.44412123,0.615649021,0.872525181
62,4.094766065,2.833532166,1.177714592,1.639689967,2.385300275,1.955756179,3.869957773,0.978858905,1.288328112,1.410990154
62,4.102380434,2.836492001,1.236239114,1.611714877,2.388046754,1.930452458,3.913370344,0.974128838,1.291101393,1.404464269
63,2.911407824,2.475849658,2.177738449,0.394965772,1.766475696,1.611620978,1.656205293,0.676354726,0.909020279,0.674534971
63,2.907505674,2.499306127,2.171207218,0.415438468,1.76315361,1.618080211,1.717782278,0.689931416,0.906321094,0.640421455
64,3.193025327,2.628872166,1.307945954,0.809208889,1.336508714,1.653908053,1.383960132,0.632787462,0.982009089,0.362841342
64,3.205106611,2.660654776,1.287640773,0.828831959,1.371493327,1.6735176,1.382601135,0.649494918,0.979683862,0.342388934
65,3.455422395,2.808334769,1.741754588,0.952700842,1.698575644,2.388524187,2.643212891,0.874450738,1.140795148,1.700155154
65,3.452305077,2.684136067,1.746143976,0.944514049,1.697513616,2.389904578,2.634037035,0.894355476,1.147440817,1.714856605
66,3.629863905,2.063476507,1.297793148,1.059932093,1.832636046,1.348074093,2.205500099,0.203673581,0.351450095,0.400494502
66,3.634585339,2.182750409,1.314747953,1.057446924,1.768831291,1.333741068,2.174166538,0.244448258,0.336141929,0.379715807
67,2.935383723,2.483171273,2.165578585,0.386296366,1.802771708,1.573424417,1.728651902,0.66113201,0.962213405,0.681461539
67,2.943475677,2.435583423,2.149397789,0.474267749,1.793720533,1.622318511,1.724925621,0.701354693,0.94008202,0.659141455
68,3.594793086,2.096942917,1.356855116,1.181644553,1.599254991,1.311140991,1.883845063,0.187875679,0.473737733,0.473778724
68,3.605939801,2.03545122,1.369480175,1.18831535,1.618108523,1.304677906,1.896503844,0.22688595,0.508841233,0.516368975
69,2.888650521,2.57633807,2.269509559,0.472004055,1.728004385,1.693435582,1.523900109,1.052682889,1.388963848,0.68287387
69,2.882539895,2.584971441,2.256366648,0.471166025,1.721793693,1.690726995,1.546509035,1.06615689,1.383311968,0.722004183
70,2.790246487,2.523839855,2.282398282,0.324372033,1.720603659,1.686132532,1.553035516,1.07586098,1.427262341,0.725221062
70,2.786208262,2.523283248,2.285085605,0.299624398,1.726203983,1.672872593,1.554450009,1.116531387,1.430881517,0.737021954
71,3.615247257,2.096964853,1.472152246,1.257480647,1.604486727,1.419841964,1.873058736,0.263613547,0.501826206,0.402602304
71,3.618198645,2.108209116,1.473896833,1.23578634,1.564032413,1.40157327,1.860901044,0.282602799,0.500526314,0.411997657
72,3.652882048,2.039618782,1.164042958,1.248716818,1.543146037,1.640087974,1.88296884,0.329428526,0.449069853,0.378555941
72,3.649821457,2.043227083,1.212369746,1.266304094,1.536367936,1.662354357,1.87874013,0.252648052,0.485384442,0.353177081
73,2.982518315,2.284938115,2.063776949,0.424258615,1.711293305,1.482877986,1.641441485,0.547848406,0.785846585,0.610122888
73,2.988955235,2.298282277,2.054637074,0.366491328,1.712205813,1.569001022,1.646030504,0.544408252,0.788923584,0.668041347
74,3.011053616,2.500068869,2.157284539,0.376478068,1.752292856,1.722075522,1.738658158,0.703865234,0.907798303,0.609011282
74,3.002965607,2.507679703,2.140584589,0.470959658,1.708369246,1.688506476,1.757175146,0.672316628,0.915099264,0.63334636
75,2.887192866,2.440883348,2.136915426,0.385660882,1.735558251,1.57978335,1.66838733,0.624826318,0.887843922,0.769962804
75,2.891939444,2.480658895,2.123933058,0.395595285,1.700732557,1.628020645,1.654105546,0.618502053,0.857398824,0.770191725
76,3.279793884,2.43106705,1.906869023,0.573926527,1.872189746,1.558536307,1.831534354,0.335029277,0.59354696,0.433124702
76,3.276315429,2.458029405,1.9004731,0.542764691,1.916192891,1.602772318,1.835723072,0.405404455,0.602923442,0.433197278
77,3.739688703,2.484878368,2.076613344,1.193976394,1.764864966,2.025571189,2.494826181,0.568317083,0.925465592,2.071512402
77,3.774274839,2.498319044,2.06395693,1.210573741,1.768736822,2.028585413,2.502198132,0.604600653,0.94003145,2.105684965
78,3.485143845,2.45167059,2.256325641,0.893805852,1.794552684,1.511824413,1.904137599,0.607213438,0.971222298,1.043787202
78,3.467724194,2.637565462,2.225318578,0.886583322,1.817134065,1.611693568,1.916108114,0.717699531,0.981129914,1.005158927
79,3.451518749,2.459018203,2.141002808,0.900453929,1.66593255,1.540319867,1.922650649,0.672059676,0.938912789,0.534217087
79,3.447321001,2.456452471,2.173281347,0.872318049,1.685918763,1.543820746,1.927496253,0.664323763,0.915879044,0.57015522
80,3.60768176,2.186850054,1.799502923,1.168640145,1.619491129,1.468306187,1.900345994,0.21897578,0.472652353,0.543793339
80,3.629259671,2.172859809,1.803685294,1.182846841,1.592425636,1.344124736,1.898863596,0.276872242,0.495002981,0.481548582
81,2.613007191,2.354457349,1.229589226,0.166911208,1.436728101,1.716145015,1.406958207,0.137135851,0.330578501,0.037608299
81,2.61157666,2.265545102,1.165968892,0.167110085,1.383348143,1.688796207,1.427892835,0.272795621,0.302077345,0.011242972
82,3.206679629,2.291169726,1.955072077,0.702998334,1.486046043,1.504380931,1.851915442,0.545723039,0.779447179,0.738300052
82,3.232689371,2.283065667,1.974074027,0.727497073,1.486687002,1.555469355,1.843370484,0.541352688,0.782120053,0.719241856
83,3.453917994,2.342645144,2.077861542,0.843625571,1.741931103,1.445299181,1.902581708,0.506534791,0.743368672,0.81382866
83,3.457886614,2.30962411,2.080864844,0.824650662,1.733394572,1.45292455,1.900567545,0.507696242,0.735033386,0.786893309
84,3.026460902,2.234439431,1.419728946,0.415566955,1.655274705,1.574205504,1.638531441,0.335152232,0.494905752,0.084932259
84,3.017388661,2.255521365,1.429927027,0.366755708,1.706832039,1.548128074,1.635798813,0.282818875,0.497904952,0.014350976
85,3.452666028,2.678733561,1.791581331,0.963783089,1.831742893,2.437642795,2.183028825,0.838051818,1.087247966,0.480187532
85,3.470740105,2.681606035,1.795033207,0.943675133,1.846386686,2.374673052,2.194661564,0.836781687,1.109743377,0.351174671
86,3.391859345,2.072631728,1.610150772,0.624926387,1.980772367,1.302059657,1.78863057,0.233967297,0.473935061,0.458536458
86,3.394092319,2.045683585,1.604179939,0.620926482,1.961015067,1.405372896,1.821701526,0.217212642,0.474687497,0.422905704
87,3.805460393,2.959077067,2.312718591,1.19536501,2.000450393,2.334289406,1.887610999,1.021690068,2.658247706,0.193943005
87,3.796023926,3.009941793,2.311130332,1.199541651,2.008283267,2.379388557,1.869473158,1.046809195,2.666357698,0.22266681
88,3.069185963,2.260150085,2.025541858,0.395135407,1.818966414,1.607454687,1.669312277,0.412510876,0.680673887,0.846426789
88,3.071637528,2.248290182,2.032090288,0.412319347,1.814444673,1.608269867,1.64882187,0.457092336,0.658121371,0.861048278
89,3.197396172,2.263300893,1.766712623,0.717157491,2.17992441,1.596463156,3.668998283,0.387579754,0.709328904,0.70951735
89,3.204194004,2.200296386,1.781374068,0.703483827,2.211270801,1.492456919,3.683947697,0.527639662,0.737524259,0.716195966
90,3.278484279,2.634632828,1.957428795,0.61021481,2.142159627,1.994304565,2.047856354,0.566904662,0.738534452,0.706176195
90,3.282936989,2.640596565,1.957574799,0.613115125,2.146393022,1.964312782,2.047129546,0.670611016,0.724863191,0.727075134
91,3.097684845,2.390504538,2.043115804,0.634396064,1.56690908,1.590231477,1.617176199,0.641999665,0.867980235,0.609642213
91,3.089082713,2.333300753,2.045437098,0.614354989,1.569902237,1.59083586,1.606842043,0.632702856,0.867062686,0.571706024
92,2.842430802,2.520722507,2.166138699,0.38264955,1.645853782,1.68334653,1.681386566,0.714301902,0.923627902,0.879325978
92,2.839146388,2.517978014,2.157838112,0.407723766,1.627574657,1.693970182,1.68220531,0.708668807,0.926349803,0.887675566
93,2.990908668,2.43058758,2.238560133,0.444669263,1.679411848,1.746280292,1.669971429,0.65720342,1.182150594,0.93401808
93,2.980648389,2.430521299,2.224575522,0.476044315,1.702449152,1.694671809,1.660272136,0.676255799,1.227282377,0.928566146
94,3.250241709,2.559618919,1.78836968,0.528833468,2.056350902,1.816529801,1.963482918,0.555487728,0.677008134,0.777485266
94,3.253037155,2.590016926,1.87058574,0.543187913,2.033694641,1.919028652,1.89787595,0.531710082,0.63831891,0.792869596
95,3.204165058,2.529396207,2.17980098,0.841379563,1.736670394,1.654878352,1.90760297,0.983730387,1.363121893,0.682859294
95,3.211699807,2.563508864,2.174554578,0.76633844,1.693574569,1.702589061,1.9105994,0.970215851,1.37515604,0.739297726
96,3.294541882,2.299389181,1.766995452,0.59305718,1.976699607,1.650379719,1.885923941,0.388676409,0.64260257,0.882176776
96,3.295209409,2.32611092,1.772724229,0.604445951,1.97934694,1.644568408,1.880147792,0.361620823,0.62901531,0.835529118
97,3.46875055,2.515874934,1.663718286,0.875503299,1.636287573,2.216036639,2.047893001,0.673350257,0.956650484,0.407777155
97,3.475149233,2.550760629,1.674191495,0.916330518,1.641025429,2.154141642,2.046749766,0.691620029,0.957544229,0.412786677
98,2.876773818,2.418550942,2.163437287,0.309563244,1.874333198,1.700899211,1.564585573,0.656793888,0.943987192,0.964756356
98,2.855952507,2.460889019,2.161797087,0.303331347,1.891187169,1.669337617,1.592260878,0.660283947,0.969092347,0.963792498
99,3.813323692,2.545910624,2.149399938,1.218914103,1.769340593,1.605080138,2.245434639,0.751910084,2.570906449,0.520431338
99,3.791288475,2.546002589,2.08140051,1.249051678,1.741568007,1.606823961,2.269610894,0.735998905,2.56035316,0.533366885
100,3.110029954,2.494530402,1.687600988,0.746077087,1.481173229,1.908293808,1.395076809,0.585221591,0.924435643,0.202412972
100,3.103629385,2.481280744,1.70317693,0.724476736,1.495105041,1.90920563,1.396250065,0.623168288,0.915193366,0.240458461
101,2.710840042,2.386667259,2.183554549,0.185954364,1.761592186,1.542009659,1.573341934,0.57099922,0.944070293,1.236940459
101,2.705771302,2.388214299,2.186386058,0.262273151,1.740597915,1.517056287,1.553936566,0.60138983,0.941729628,1.283609423
102,3.423818302,2.638313853,1.203091622,1.039316133,1.304357872,1.676368003,1.648506997,0.711912421,1.005352744,0.516189712
102,3.368499312,2.649181057,1.209960509,1.064351061,1.337101535,1.677669457,1.627792266,0.706066908,1.007459501,0.512611736
103,2.951406041,2.705808661,2.066500994,0.315633295,1.826396658,2.031263629,1.77065978,0.625848828,0.881772448,0.330804693
103,2.950209242,2.670011223,2.085402086,0.314880222,1.822795723,2.036430391,1.7691623,0.63203418,0.874116081,0.364159303
104,2.800925867,2.475133534,2.222754099,0.453454305,1.703511496,1.689761551,1.510182455,1.064511388,1.379379488,0.742293427
104,2.771267088,2.517049699,2.231989544,0.452877908,1.714332348,1.666961377,1.539866905,1.047201521,1.376812853,0.668621883
105,2.691709885,3.306598894,1.243441001,0.160070096,1.839206568,1.979983033,1.381118728,0.348325268,0.575038137,-0.050498847
105,2.694148203,3.259484284,1.247289057,0.164052617,1.848069787,1.954942704,1.365367569,0.318701754,0.591000557,-0.024735857
106,2.95995926,2.676430343,1.99312769,0.615484929,1.646196585,2.072975787,1.63384053,0.859332062,1.042767333,0.139562876
106,2.956641457,2.608933596,2.000809784,0.566161361,1.621370376,1.957164225,1.619050076,0.723414719,0.965468669,0.166206008
107,2.761001591,2.422939012,1.911550548,0.318008296,1.655044576,1.483831226,1.551855872,0.643549306,0.968402672,0.167900385
107,2.783280396,2.416877109,1.889942798,0.323667856,1.664834818,1.449671044,1.583863222,0.630862423,0.969395627,0.070761123
108,2.903086199,2.408409535,2.178074376,0.414315609,1.761223341,1.598423209,1.707426565,0.971269245,1.273065427,0.760370583
108,2.89800332,2.42200612,2.163323701,0.382632722,1.784348074,1.553075953,1.723838267,0.995059489,1.312498117,0.782702103
109,3.075487211,2.304573142,2.099076228,0.446993321,1.736563739,1.48284461,1.665543972,0.526722673,0.799635275,0.357210363
109,3.078092028,2.315269633,2.096173022,0.430570507,1.769028786,1.498434805,1.663211078,0.538216371,0.789246366,0.344570233
110,3.190044174,2.566141019,2.002925554,0.43151534,1.942500788,1.905660014,1.836254584,0.583172487,0.732728102,0.596235983
110,3.159434122,2.620011326,2.025485876,0.441156997,1.949060781,1.95000822,1.848487176,0.586208125,0.721201358,0.616318508
111,3.106255168,2.445817852,2.178108975,0.598941036,1.638774271,1.652297593,1.693801001,0.634532755,1.014280021,0.996584038
111,3.140513511,2.451766673,2.180957781,0.598012467,1.642897646,1.632387422,1.716224671,0.668680187,1.009258942,0.980657224
112,2.722108888,2.463639002,2.191967327,0.213604616,1.645217198,1.736002501,1.506902289,0.688360453,0.926842198,0.69798164
112,2.713825433,2.477639062,2.188646454,0.213200077,1.630241261,1.692596124,1.560660073,0.689597552,0.924535904,0.599628648
113,3.033579999,2.598408095,2.193160933,0.355210592,1.814106295,1.950094517,1.745007774,0.5920109,0.995026882,0.774381585
113,3.028301225,2.580581377,2.196631205,0.355730379,1.816743417,1.946800333,1.735080348,0.601784882,0.994686984,0.834874896
114,2.488592158,2.762881845,1.162524636,-0.019404338,1.534622317,2.109569166,1.468968818,0.569542105,0.850297463,1.105868404
114,2.482548591,2.737692082,1.169555289,-0.002754085,1.521307057,2.072435948,1.473168991,0.576116912,0.844880542,1.104561337
115,3.798660474,3.09552048,2.144107748,1.314953011,1.858926105,1.765525984,2.232071184,1.582430491,3.044995421,0.613606015
115,3.800791158,3.111636698,2.133434542,1.311846702,1.808046904,1.789487794,2.228945578,1.610865381,3.047984002,0.614386849
116,3.975345923,2.554803274,1.607433198,1.499821727,1.802540891,1.857789028,2.444297773,0.865584549,2.457593459,1.493524045
116,4.012447384,2.554371336,1.607859536,1.487899347,1.797336315,1.863689776,2.453133481,0.863932493,2.458314522,1.493939484
117,3.67245712,2.348013292,1.251077668,1.165473135,1.732216876,1.768415613,2.031974532,0.424372424,0.699348116,0.474190125
117,3.670764115,2.333211506,1.291989976,1.186896485,1.755472405,1.73088323,2.031938098,0.444505901,0.69954401,0.476844119
118,3.424831234,2.609733124,1.686857445,0.860897607,1.692711639,2.249742032,2.084313648,0.698411312,0.978302787,0.331517839
118,3.430054796,2.573600181,1.704980435,0.856162392,1.698877659,2.240359118,2.07905634,0.662705637,0.968488855,0.334159663
119,3.078822433,2.530676368,2.209050576,0.560370965,1.674491659,1.787580478,1.684089045,0.686944406,0.980556854,0.601414035
119,3.065516219,2.53690613,2.231472204,0.640822956,1.635648969,1.738104742,1.704593199,0.694184209,0.979166314,0.613538664
120,4.003658698,2.809854306,1.735144146,1.534527619,1.882828927,2.082762801,2.522321198,1.140068598,1.472812402,1.516558584
120,4.011749309,2.81608501,1.727595482,1.546086162,1.87205625,2.132911948,2.532477622,1.067093707,1.477750547,1.48819646
121,3.371401285,2.410561428,2.143204832,0.769756878,1.850763569,1.661185488,1.951751553,0.626032733,0.896898446,0.704381195
121,3.352529361,2.4139954,2.147924083,0.757925495,1.85715587,1.667637064,1.93527596,0.633507596,0.893812081,0.699125135
122,2.451661121,1.91722608,1.131578965,-0.27879625,1.559437952,2.144482902,0.819852051,0.262267072,0.534931345,0.089710041
122,2.464208902,1.943755221,1.147171915,-0.393760063,1.582357116,2.142111891,0.792032387,0.249342431,0.540509084,0.127556125
123,3.238733878,2.583940535,1.84966642,0.440966086,1.982012832,1.726591525,1.900316267,0.488006538,0.630226802,0.4351499
123,3.224326419,2.553605354,1.852207252,0.491907976,1.985039603,1.728732783,1.946732243,0.51478824,0.613975284,0.446944089
124,3.637648341,2.245377072,1.796948563,1.147191684,1.600816386,1.582920874,1.895759428,0.286498605,0.576818402,0.683879373
124,3.643585706,2.252928543,1.804752869,1.191956178,1.604725574,1.588530999,1.903233964,0.29777558,0.52469529,0.689758438
125,3.224836636,2.19438884,1.987620338,0.722564857,1.533974735,1.572298795,1.51840758,0.570689079,0.826939029,0.557450882
125,3.215023546,2.220334472,1.972197711,0.724931364,1.543018563,1.568458527,1.551303904,0.621759796,0.813522676,0.562871319
126,2.751277936,2.579912539,2.330427759,0.285208085,1.835981795,1.896193723,1.734006389,1.002851774,1.268373151,0.620284161
126,2.772547963,2.624827111,2.324970957,0.264946047,1.845820996,1.894399871,1.723221642,1.012586561,1.278939783,0.551840785
127,3.39782276,2.443560333,1.543192183,0.892416644,1.563191297,2.067233265,2.015064446,0.582765483,0.936276802,0.322977317
127,3.398541717,2.464086571,1.552109189,0.910197934,1.575753409,2.081342843,2.023700615,0.602304641,0.944183427,0.338852077
128,3.128533159,2.420340777,1.971342536,0.456029158,1.897118594,1.70975811,1.752588581,0.375438558,0.66096991,0.645359488
128,3.08908799,2.452748954,1.975021153,0.432484215,1.874840943,1.72248353,1.761429341,0.467508391,0.611682676,0.591411987
129,3.293122763,2.200559159,1.869267416,0.565920584,1.849256671,1.538093335,1.78944863,0.325032322,0.548926226,0.878696057
129,3.33065805,2.200483564,1.870390148,0.535979241,1.828362542,1.475318682,1.777186901,0.255071363,0.541075654,0.894473158
130,3.483003437,2.497429527,2.33839507,0.904224897,1.700283541,1.649161663,2.059035875,0.677009468,1.006821409,0.531983181
130,3.487937691,2.502957379,2.304526228,0.914067087,1.742020608,1.609577537,2.078135137,0.680432432,0.987448562,0.53178398
131,3.738805599,2.4621107,2.09874163,1.349248944,1.668919656,1.806517148,2.164486438,0.639877877,0.856096357,0.686138804
131,3.755209181,2.477344514,2.101930744,1.336735065,1.686322895,1.831417417,2.187234538,0.633998558,0.851602174,0.656873666
132,2.881076338,2.458369651,2.141444699,0.402593282,1.722196765,1.619507246,1.692392939,0.662356363,0.946946957,0.831782778
132,2.89086371,2.458703272,2.151665332,0.36322092,1.722419931,1.588517734,1.694380787,0.657974528,0.931710312,0.850772719
133,2.942623717,2.449026488,2.152764425,0.449428888,1.623369895,1.665288995,1.578457505,0.708274492,0.939128044,0.74703074
133,2.942029729,2.459977936,2.152140989,0.471380878,1.666949021,1.645586498,1.582671491,0.708952197,0.970752563,0.739898978
134,3.690896491,2.292362675,1.464030982,1.190258717,1.751368349,1.692515954,2.013965936,0.504974123,0.789923011,0.529917383
134,3.690023538,2.376109741,1.475624699,1.19143755,1.771136941,1.697820333,2.024469768,0.503741759,0.789520043,0.563040783
135,3.606131165,2.842724,2.10498217,1.329298359,1.789947497,1.748643701,1.976813942,0.935525519,1.19979554,0.83552088
135,3.615014027,2.845671352,2.061783918,1.342097336,1.81031099,1.744790471,1.975885648,0.92525424,1.199429992,0.90186014
136,3.618279206,2.14348713,1.793422873,1.171698162,1.524918345,1.485150076,1.87972648,0.294598581,0.614337092,0.696386422
136,3.633233983,2.162291789,1.795832946,1.182616218,1.551013348,1.476166763,1.858913165,0.197220005,0.525008642,0.692594528
137,3.210671348,2.407374235,1.960135325,0.540991461,2.040776602,1.666251345,1.897241857,0.45323338,0.549538547,0.307090908
137,3.222008363,2.404330929,1.954844952,0.440266881,2.096182518,1.671429486,1.853280238,0.492092897,0.661979777,0.285671287
138,3.242703057,2.513421958,1.764733255,0.523675267,1.942286391,1.750291138,1.911660351,0.412961104,0.639889163,0.451617929
138,3.220615991,2.567874925,1.72067536,0.539401176,1.984609894,1.686068432,1.876650323,0.392839369,0.631310987,0.440036311
139,2.873719477,2.422513596,2.126306789,0.385475427,1.537377826,1.50950769,1.560177751,0.596119132,0.898305892,0.686815028
139,2.87886652,2.416569232,2.154067488,0.376619394,1.535890066,1.472412781,1.56850259,0.546258489,0.907530462,0.684940597
140,3.76871453,2.383717515,1.787170541,1.327968669,1.558316656,1.624064894,2.072595904,0.465214315,0.803237946,0.614155702
140,3.790529126,2.373224863,1.78123636,1.277827939,1.502860558,1.628426648,2.06419605,0.457891181,0.811412891,0.595409098
141,3.440356627,2.578552058,1.890177961,0.961785058,1.68492317,1.919720066,1.541623282,0.855258142,1.389753392,0.124828713
141,3.466512907,2.571936843,1.89283968,0.972053379,1.72099773,1.913849406,1.54185727,0.854412846,1.415968835,0.123742988
142,3.319044851,2.114898002,1.280869981,0.620881416,2.005437745,1.511909913,1.864658661,0.267301231,0.47942645,0.035501736
142,3.293894756,2.145304349,1.282530416,0.603223357,1.995987641,1.500596764,1.876226878,0.271122547,0.48359147,0.041881535
143,2.795893669,2.644845164,2.1222348,0.234972875,1.814307535,2.010346183,1.758436372,0.652246976,0.957782453,0.413314628
143,2.818421745,2.664769465,2.119061331,0.2310715,1.806055109,1.976540358,1.781156808,0.720378916,0.99905635,0.351052879
144,3.369564097,2.396226451,1.80492458,0.572068148,1.938954927,1.750819236,1.968230514,0.437783501,0.637054055,1.340413046
144,3.36391108,2.292762872,1.854030183,0.597389453,1.956813896,1.754259874,1.912299866,0.369003429,0.620392379,1.423697147
145,3.30147109,2.215865624,1.893909212,0.616277342,1.927384779,1.55126327,1.833609855,0.276326018,0.60903632,0.972852736
145,3.294934951,2.22632865,1.89480095,0.592796168,1.898222752,1.557143231,1.841244268,0.324260841,0.617500146,0.994232766
146,3.154968167,2.43278957,1.892414874,0.467489174,1.961826164,1.697682504,1.860137337,0.558226253,0.696082009,0.329376625
146,3.166303665,2.472062655,1.874963099,0.470193422,1.978938288,1.698046491,1.880823444,0.532257356,0.735512175,0.315553874
147,3.25039682,1.977299279,1.466421011,0.71450095,2.148380621,2.397959023,1.098779692,0.333629308,0.583924621,0.091823104
147,3.257968607,2.003709314,1.466400487,0.700998028,2.14551683,2.409552354,1.117425664,0.276127816,0.516256489,0.176338501
148,2.926177436,2.665521504,1.940219399,0.594570376,1.655955452,2.074037909,1.602179504,0.830332534,1.066320858,0.145283815
148,2.929342161,2.628233396,1.948123029,0.568625984,1.692500107,2.066537442,1.604344062,0.879463064,1.052070162,0.159528034
149,2.491319057,1.716266202,1.203396071,-0.167926939,1.248966697,1.451080668,0.498496143,0.394596837,0.690613744,-0.345725325
149,2.487714751,1.729138025,1.21676797,-0.246485388,1.258704424,1.388731894,0.400780689,0.354832959,0.688320516,-0.324143923
150,2.955226386,2.551319841,2.365515448,0.537319273,1.704252321,2.008872949,1.758092001,0.728984312,0.971405395,0.184824689
150,2.980987026,2.545174603,2.37024064,0.532970495,1.677587768,2.032657765,1.747574779,0.75266351,0.963933992,0.174385862
151,3.156643004,2.570518276,2.25205299,0.633464581,1.616085658,1.699032616,1.650596415,0.844114978,1.023363461,0.544295388
151,3.168429536,2.572915472,2.252064058,0.675933754,1.692339029,1.708984291,1.652694894,0.866709337,1.032285914,0.55800714
152,3.483858826,2.495650762,1.832526572,1.025844591,1.764509872,1.951220203,1.840348159,0.827746657,1.287556581,0.300467761
152,3.479488819,2.497371489,1.830682097,1.036259641,1.819430481,1.895538928,1.868943514,0.834282038,1.281448613,0.428049253
153,3.144429142,2.525609296,2.031508472,0.474655819,1.960326074,1.942423026,1.810833706,0.486734205,0.662929311,0.622090751
153,3.145336802,2.495756187,2.041447018,0.456299772,1.849139185,1.926165762,1.841621256,0.553187711,0.669874652,0.642731916
154,2.88368449,2.569466944,2.365280556,0.5053014,1.716225278,1.680795607,1.662652798,1.064871718,1.423061121,0.482755715
154,2.909726641,2.551338589,2.369286024,0.510287469,1.695901153,1.711517769,1.633256576,1.081013934,1.430502539,0.458902574
155,3.882946572,2.62649442,1.953224508,1.296660431,1.672960014,1.754163796,2.067589254,0.994188337,2.782906892,0.480275405
155,3.799010579,2.607310999,1.98898619,1.292881248,1.708675628,1.557564073,2.07233423,0.941399012,2.789592378,0.528694172
156,2.874606345,2.478458566,2.204649878,0.432382569,1.692741465,1.729592097,1.520200997,0.974987537,1.335979612,0.752286274
156,2.891280443,2.472890994,2.204887415,0.436757144,1.681433862,1.582834056,1.518186376,1.014645798,1.321020622,0.731693606
157,2.909901573,2.412216233,2.13070687,0.375655926,1.644787105,1.583497656,1.822619399,0.60513601,0.945594353,0.98213202
157,2.898380399,2.396303534,2.127835268,0.409022727,1.676820931,1.56135936,1.731116498,0.603469926,0.94686275,0.981610826
158,3.440856041,2.57672517,1.700585927,0.84619446,1.742629481,2.254866528,2.086747773,0.741074297,0.988840469,0.354705202
158,3.430000597,2.536424596,1.710148243,0.833929196,1.744098693,2.303481166,2.086805996,0.65885624,0.988190679,0.321682553
159,2.924685236,2.433053233,2.120790081,0.322846493,1.830475926,1.669696261,1.763293052,0.725948555,0.812712241,0.312774788
159,2.929850623,2.454475812,2.12357216,0.344188456,1.86114946,1.698165378,1.757118791,0.70684516,0.809040514,0.30469683
160,3.032611872,2.632596899,2.040262053,0.391457587,1.881974121,1.880785758,1.776863965,0.631589452,0.764280854,0.445742233
160,3.017231395,2.634575668,2.047906355,0.399257644,1.902736606,1.953237666,1.752859416,0.633320385,0.767723812,0.511958603
161,3.490077057,2.601880046,1.851025209,1.057817714,1.717405713,1.963954516,1.695681246,0.880008683,1.10841865,0.194189539
161,3.500302641,2.565395867,1.877731056,1.040114937,1.724985216,1.926387833,1.702197858,0.876799624,1.123093223,0.2410397
162,2.84712409,2.551384102,2.192359183,0.385446074,1.771383521,1.780677928,1.643601907,1.115687119,1.414562669,0.420475451
162,2.828825596,2.610971249,2.204925416,0.395162394,1.76045117,1.817180501,1.617315343,1.073583745,1.375879529,0.410663009
163,2.803713368,2.569475347,2.283197706,0.445123332,1.740058962,1.819218427,1.644326562,1.100723504,1.426126382,0.497002249
163,2.813900287,2.56508044,2.281487637,0.334643368,1.749343936,1.82103379,1.638873326,1.09870341,1.406697334,0.535073417
164,2.9741389,2.500455813,2.10987706,0.328375996,1.765914289,1.697548562,1.74745357,0.592421465,0.872679837,0.479139798
164,2.96873188,2.475018041,2.107716012,0.454772237,1.810963536,1.683831276,1.70133953,0.641809444,0.853269334,0.422598939
165,3.309468755,2.025083707,1.721298686,0.551015698,1.886503231,1.252876114,1.732506768,0.079046595,0.396716597,0.30590336
165,3.319851906,2.038814667,1.731180783,0.545918516,1.883156122,1.260952719,1.747377107,0.095956485,0.395687433,0.299021476
166,3.004448844,2.355826243,2.118353556,0.444934493,1.718128502,1.507634293,1.678937846,0.572968113,0.808560353,0.496831019
166,2.984725294,2.326828471,2.097018951,0.493975455,1.751883855,1.516635244,1.769646401,0.496318741,0.892487474,0.406280986
167,3.872917742,2.395156922,1.346663728,1.279757385,1.56588299,1.741886226,1.585984567,0.470890471,0.781490802,0.41078895
167,3.878113021,2.348092505,1.375525029,1.272699154,1.562517994,1.635222947,1.602831047,0.493690587,0.78535023,0.398540406
168,3.877831483,2.305946416,1.956806056,1.241391954,1.509878446,1.661749174,1.962496616,0.386116736,0.718270527,0.634499714
168,3.885993011,2.273451124,1.944240113,1.230116176,1.518909189,1.66384183,1.955001786,0.413210174,0.751610878,0.621906304
169,2.987828598,2.415386751,2.072814359,0.46854704,1.707566183,1.761472427,1.666883069,0.545282061,0.815647294,0.624600788
169,2.986313826,2.375536416,2.069556941,0.467570887,1.709745779,1.746044399,1.66448626,0.550587876,0.823563744,0.57507415
170,3.582184994,2.357839597,1.740204736,1.086715664,1.431524584,1.767675224,1.644143051,0.549003262,0.837588438,0.738780558
170,3.587234888,2.400468911,1.77815125,1.087426457,1.456214155,1.809896247,1.669409867,0.553883027,0.873901598,0.774516966
171,3.022003355,2.423327809,2.134208993,0.469822016,1.559308011,1.542202782,1.583312152,0.556302501,0.906335042,0.549003262
171,3.007226995,2.414221033,2.158272005,0.481442629,1.583538819,1.548143637,1.626750854,0.62324929,0.928395852,0.531478917
172,2.988389487,2.379124146,2.164887958,0.472756449,1.586249639,1.561459171,1.631849462,0.618048097,0.881954971,0.600972896
172,2.945852485,2.378743019,2.174001626,0.495544338,1.578982843,1.546912643,1.627160952,0.596597096,0.875639937,0.574031268
173,2.818648102,2.450141291,2.224403558,0.496929648,1.640680153,1.537693194,1.490800952,1,1.385963571,0.726727209
173,2.825081922,2.447189051,2.209997296,0.457881897,1.640382045,1.523486332,1.505421328,0.993876915,1.379305518,0.721810615
174,2.898231385,2.189434163,0.820857989,0.45331834,1.524006446,1.701913211,1.450249108,0.19838213,0.515873844,0.092720645
174,2.904677685,2.175743684,0.794488047,0.44870632,1.490800952,1.672374979,1.437909036,0.172310969,0.519827994,0.105169428
175,2.952385555,2.486260412,2.191339213,0.459392488,1.885134966,1.770852012,1.723455672,0.644438589,0.959994838,0.675778342
175,2.972808946,2.457745685,2.202324813,0.5132176,1.783117137,1.671543085,1.689752696,0.615950052,0.945960704,0.696356389
176,3.417843549,2.398443498,2.148818515,0.896526217,1.683857205,1.590507462,1.906442794,0.64246452,0.904715545,1.039017322
176,3.412489107,2.383240712,2.138586871,0.877371346,1.684845362,1.610021025,1.91041094,0.636487896,0.897077003,1.02325246
177,3.384030137,2.456508616,2.190686214,0.770885052,1.646764944,1.507676444,1.905540753,0.530608916,0.796803322,0.613895207
177,3.366873126,2.475506303,2.184468238,0.763555048,1.659345284,1.530614087,1.92256488,0.545741907,0.790099942,0.599244841
178,2.864113575,2.595229485,2.418911605,0.354543042,1.731491768,1.684444015,1.756691418,0.741385322,1.011839224,0.585398809
178,2.871583317,2.574983657,2.417568189,0.391048642,1.727464175,1.677143484,1.74017114,0.742054766,0.986554575,0.57296962
179,2.989398969,2.297087045,1.997992512,0.352729629,1.774155264,1.578553279,1.642553957,0.545601203,0.801517079,0.497609314
179,2.980963759,2.449667402,1.995495827,0.348707098,1.741591959,1.553219722,1.680140923,0.47705971,0.814349356,0.554628354
180,2.436055109,2.692453595,1.153752486,-0.074306995,1.479692391,1.964147054,1.179027973,0.413250979,0.782221425,0.476485795
180,2.434709126,2.680185956,1.138338105,-0.054506257,1.472962871,1.974154803,1.212290661,0.44697876,0.783770608,0.4567788
181,3.497888409,2.380810733,2.12582196,0.902491723,1.873612322,1.487091587,2.015648471,0.649282843,0.79361432,0.89793141
181,3.519589523,2.379288189,2.116675737,0.941523143,1.892530578,1.519828641,2.033857286,0.606917558,0.825465164,0.906756996
182,2.952300016,2.38913188,2.162424433,0.436535329,1.644951407,1.54630479,1.632981945,0.639637419,0.909023326,0.645977758
182,2.907564475,2.388751455,2.147170853,0.42607822,1.592728173,1.561066349,1.613222575,0.621795244,0.913625172,0.654593242
183,2.907585255,2.48028118,2.201894814,0.495511085,1.657650913,1.735251635,1.686174748,0.759278158,0.969703033,0.513267102
183,2.909017989,2.445808801,2.200418944,0.460840214,1.653484402,1.744769093,1.680877203,0.73769934,0.967364585,0.477563771
184,2.903360711,2.493765768,2.216394578,0.388329213,1.70407265,1.691993894,1.639199636,0.692767721,1.057785846,1.025307404
184,2.904880879,2.520945325,2.217220437,0.453569026,1.702002449,1.694129115,1.624743487,0.778100649,0.988425592,0.986937494
185,2.76352354,2.483589896,2.277771056,0.263965241,1.58517311,1.637744055,1.640422535,0.736580803,0.875756368,0.643084615
185,2.772122618,2.487778892,2.29485142,0.260896683,1.60863527,1.666183586,1.668593959,0.68136521,0.873668454,0.664056983
186,2.725536598,2.378539379,2.156140655,0.20523318,1.534088895,1.452603983,1.568711194,0.480110702,0.824314621,0.691479566
186,2.721937727,2.427353287,2.162806426,0.220120651,1.553797593,1.439150907,1.535278374,0.49814595,0.828815148,0.706355735
187,2.769591456,2.458644353,2.168322775,0.298195304,1.673177821,1.474892404,1.578651173,0.563315232,0.906123107,0.664368155
187,2.762464695,2.45380698,2.15380886,0.265993169,1.675949435,1.467191885,1.580041677,0.528218377,0.904208695,0.643804573
188,3.236902741,2.081707339,1.882080464,0.527737531,1.46647152,1.662981682,1.439803437,0.212933153,0.479956599,0.3653917
188,3.221386665,2.098235543,1.849590108,0.529983776,1.481985374,1.589445402,1.438453126,0.234031574,0.428327822,0.339705345
189,3.145342277,2.161295544,1.418296605,0.475433874,1.845231827,1.849853495,1.652527045,0.31183023,0.415992437,0.006868159
189,3.142117273,2.164535289,1.401505,0.406700855,1.793833768,1.89885478,1.742745666,0.345045669,0.499347527,-9.37E-05
190,3.526802241,2.325812255,1.688241811,0.747839844,2.129100972,1.399688889,2.003486779,0.179935819,0.461493002,0.445492833
190,3.508363672,2.328936681,1.691930451,0.832363347,2.084377571,1.46204859,2.045922633,0.171374654,0.463776257,0.423781178
191,3.418200148,2.560895617,1.988643806,0.93011195,1.705879383,1.919453705,1.628301102,0.839609161,2.126259521,0.211951961
191,3.391630598,2.563143495,1.981214759,0.925719455,1.644674201,1.898462095,1.585599737,0.831386128,2.132811703,0.204137757
192,3.313212466,2.295843563,1.838752033,0.637204918,1.873410398,1.603181229,1.825467719,0.343764614,0.59783945,0.777405388
192,3.341195502,2.271346121,1.857859355,0.569548093,1.864704307,1.504931229,1.799240618,0.376388392,0.610305746,0.783487926
193,3.830773223,2.652990091,2.1740738,1.387780891,1.804582858,1.782466384,2.235275818,0.798447021,1.053788282,0.834949136
193,3.829450691,2.622924017,2.170293371,1.399717769,1.802289123,1.788886684,2.263169004,0.780974938,1.039675831,0.843881493
194,2.405939497,2.794714847,1.898480614,0.038614426,1.546721658,2.140548742,1.296633954,0.559970961,0.836881282,0.478884829
194,2.402687554,2.806435021,1.899003742,0.032648212,1.561119856,2.138555089,1.286373363,0.572731801,0.867732701,0.481919926
195,3.031382947,2.573466346,2.22062915,0.536370991,1.738645675,1.769728105,1.773174273,0.737330412,0.95806426,0.583484775
195,3.021340594,2.506751827,2.210888953,0.560275162,1.73336852,1.76472835,1.753648425,0.796061355,0.959812741,0.623325863
196,2.966693433,2.344068747,2.121755408,0.379022268,1.734389919,1.524675453,1.708364063,0.554100153,0.789973078,0.475736588
196,2.965954134,2.335522856,2.10313424,0.375695675,1.719148505,1.544254172,1.728103588,0.582833004,0.776063189,0.48318152
197,3.538815851,2.809997844,2.014411777,1.243310503,1.762801788,1.734592879,1.825530832,0.771502682,1.034894324,0.764923577
197,3.553047712,2.858940911,2.017824751,1.245008341,1.769804217,1.737412888,1.850873871,0.802519015,1.042829295,0.758080267
198,2.956142573,2.298248478,2.075159858,0.388094664,1.753481134,1.561989638,1.737102713,0.600136845,0.780371587,0.429968319
198,2.943365683,2.30690216,2.078200327,0.364084615,1.781317958,1.498959141,1.697199145,0.589918152,0.772639383,0.429906144
199,3.73692634,2.495342093,1.91099379,1.19189469,1.715136084,1.662413958,1.985934893,0.744681089,1.959103914,0.374904249
199,3.707077353,2.514338856,1.931146751,1.216200254,1.724719577,1.69412012,1.985291745,0.774420193,1.963350349,0.401631181
200,3.531176521,3.270535105,1.588205137,0.761351174,1.462812074,1.85055855,1.086154139,0.995894351,1.245132182,-0.121949962
200,3.508614966,3.285398594,1.588701418,0.75676857,1.462419474,1.848975435,1.127857538,0.910797392,1.26958916,-0.184834462
201,2.655089904,1.97625978,1.182719379,-0.153601452,2.5617066,1.464477698,1.199999126,0.290930035,0.655844509,0.190080578
201,2.653246124,1.997533003,1.087392387,-0.089241695,2.569788114,1.459474234,1.261091171,0.287795561,0.703994581,0.187290831
202,3.246269055,1.999267214,1.843420675,0.525845204,1.905669227,1.423138666,1.746845705,0.255913437,0.389330576,0.641693326
202,3.244055352,1.904519037,1.835471965,0.541070072,1.90614167,1.47944725,1.727595859,0.235515437,0.395972118,0.610522435
203,3.423042465,2.268167785,2.055820088,0.84356531,1.672489156,1.452250092,1.913869166,0.521519284,0.787169676,0.668021002
203,3.41714103,2.236378598,2.023774474,0.840678221,1.692196817,1.409650266,1.888355156,0.513929859,0.79132588,0.674396173
204,3.274411128,2.048452349,1.823016623,0.556700105,1.909042009,1.43181829,1.746343357,0.180494562,0.390547723,0.444466745
204,3.24372796,2.072870893,1.814049697,0.555608985,1.914009489,1.427669436,1.758765374,0.195566688,0.4046253,0.457507261
205,2.797932049,2.524302797,2.265841093,0.248549467,1.640622747,1.5923576,1.660384248,0.618419664,0.8988917,0.657496382
205,2.777496784,2.494482005,2.256295864,0.244288878,1.648657679,1.634619209,1.632731685,0.638637271,0.943073311,0.641666399
206,3.821026886,2.311770312,1.012945494,1.190514894,1.578151787,1.308621341,2.082892429,0.139514509,0.444044006,1.182884531
206,3.813331089,2.301759264,1.024620766,1.211604238,1.579659449,1.336083557,2.071869735,0.160951769,0.454760381,1.189410284
207,3.131079927,2.556702284,1.282138037,0.441406667,1.858728338,1.902934162,1.753096685,0.410152529,0.736993132,0.330966706
207,3.133605831,2.564687098,1.249556659,0.419149504,1.858488882,1.878616009,1.720723688,0.3974473,0.728909375,0.344606642
208,3.332120169,2.18844402,1.834289511,0.640364434,1.849266135,1.401208427,1.826691758,0.348973384,0.572429271,0.623400474
208,3.306872711,2.22650239,1.808743703,0.624772258,1.87819277,1.474941571,1.787275528,0.340709573,0.634179293,0.625202148
209,2.983793926,2.326632005,2.067697829,0.382022233,1.730896459,1.556323701,1.705564581,0.578425662,0.759148572,0.438527801
209,2.96982486,2.319487418,2.074901333,0.350463071,1.751841945,1.533329564,1.720339415,0.505127838,0.805689452,0.413036595
210,2.930277617,2.517986969,2.134406825,0.44832086,1.665385324,1.652728637,1.649227768,0.658404406,0.994364693,0.652355975
210,2.93596013,2.536969721,2.140802465,0.399961042,1.659825619,1.642754244,1.673081063,0.707145772,1.019874174,0.600696819
211,3.256893089,2.086940176,1.851097125,0.573320776,1.884684011,1.426708173,1.823564368,0.325829705,0.509233926,0.687223195
211,3.268905511,2.098336489,1.869384165,0.529199683,1.93828532,1.43164926,1.830500857,0.306824275,0.538052765,0.677342523
212,2.681196924,2.859754448,1.464514896,0.266545604,1.453638539,1.692092011,1.189919377,0.245309981,0.630154606,0.128472581
212,2.678198692,2.855510754,1.473316612,0.257297809,1.446530768,1.658809783,1.172815281,0.304087962,0.662428531,0.119464714
213,3.586617086,2.014906739,1.266694171,1.246858406,1.448567386,1.294818109,1.848106042,0.182242995,0.5752956,0.394772445
213,3.595412862,1.997984818,1.257692295,1.217156838,1.46674885,1.225068261,1.820017163,0.148638772,0.463602262,0.437131221
214,2.776724398,2.479368076,2.1909554,0.370188361,1.569473197,1.509472259,1.476387853,0.920047868,1.313796563,0.540024521
214,2.785397228,2.469855178,2.175671137,0.370890391,1.601937664,1.509086826,1.460522829,0.926381974,1.30928851,0.492607489
215,2.812238005,2.753245909,2.046651217,0.250420002,1.689397663,1.876448787,1.786822379,0.421603927,0.770115295,0.212453961
215,2.839566029,2.691037264,2.047858727,0.292256071,1.654080235,1.805976351,1.744371227,0.40654018,0.716837723,0.303196057
216,2.905234442,2.417770531,2.123524981,0.354108439,1.790636962,1.629817196,1.735119634,0.629409599,0.839478047,0.456366033
216,2.900623806,2.38790569,2.130365937,0.318063335,1.774735883,1.639685661,1.755188586,0.648360011,0.84135947,0.42975228
217,2.783767841,2.772812945,2.105135338,0.26810973,1.81756537,1.950364854,1.844352896,0.519827994,0.786751422,0.148910993
217,2.794543811,2.780252487,2.113274692,0.270445908,1.820529849,1.938769823,1.843232778,0.530199698,0.776701184,0.187520721
218,2.423032772,2.188900373,1.760045328,-0.102922997,1.941461739,1.584783379,1.340642378,0.371067862,0.57863921,-0.042871802
218,2.430349226,2.104487111,1.774151859,-0.050122296,1.895146189,1.530455844,1.308350949,0.31386722,0.556302501,0.01745073
219,3.011041526,2.383635868,2.194791758,0.53529412,1.693639026,1.592953572,1.683137131,0.563481085,0.876794976,0.859738566
219,3.014419724,2.412830003,2.204147125,0.537819095,1.695218919,1.55351894,1.69565676,0.541579244,0.88592634,0.843855423
220,3.369566661,2.334441987,2.058567856,0.804430293,1.682402898,1.410454128,1.925006088,0.599341251,0.834260771,0.857890922
220,3.357170835,2.341023198,2.05554387,0.790426407,1.682561858,1.431222162,1.919589528,0.536164876,0.83305581,0.846779707
221,3.28634193,2.364307047,2.171404635,0.747411808,1.689841409,1.473194909,1.906873535,0.544068044,0.800717078,0.675778342
221,3.281946471,2.346744055,2.157456768,0.731588765,1.669874502,1.451325808,1.898889656,0.530199698,0.782472624,0.694605199
222,2.784977163,2.66391543,2.137834896,0.277199674,1.801070728,2.039634788,1.756765183,0.705120288,0.860459925,0.361475814
222,2.796712941,2.684266386,2.096456355,0.215453858,1.789150879,2.026255733,1.789498655,0.68647851,0.898729242,0.354421538
223,2.637421151,2.549976531,1.475352271,-0.150195317,1.818071414,2.593349325,1.023963291,0.282333728,0.47258221,0.116231646
223,2.633380791,2.487646045,1.472781768,-0.191673883,1.8086677,2.592691934,1.023990756,0.303767095,0.457341707,0.164195451
224,2.583697416,2.342620043,2.134878045,0.093071306,1.526080692,1.607455023,1.393224116,0.552668216,0.709269961,0.550228353
224,2.572755465,2.339371929,2.123916943,0.112939976,1.515211304,1.583765368,1.414304688,0.51054501,0.654176542,0.568201724
225,2.820089085,2.429029965,2.263623533,0.314783776,1.548648807,1.63080815,1.54647911,0.590301248,0.862394522,0.628297876
225,2.822986401,2.426470484,2.263815326,0.334018068,1.58257768,1.492300863,1.62637719,0.660862954,0.8361599,0.690056247
226,3.046440293,2.372932336,1.702709292,0.669678758,1.385030221,1.864697445,1.3583318,0.484470782,0.849950731,0.170696431
226,3.045574111,2.374064005,1.71028707,0.65631038,1.380520235,1.764880493,1.334116656,0.504199529,0.830054142,0.139774307
227,2.908298715,2.476696247,2.085195042,0.416721607,1.673284629,1.54292226,1.653818334,0.593324153,0.833932166,0.92396685
227,2.902109424,2.447689732,2.085840222,0.445471169,1.665315541,1.568329128,1.660903689,0.584239889,0.864103243,0.932428679
228,3.582559395,2.793337724,2.051173258,1.267091673,1.809793774,1.834116169,1.910714638,0.83961796,1.057951081,0.702828955
228,3.568256301,2.827756717,2.049418412,1.264639569,1.802984105,1.803933943,1.898423065,0.775002285,1.064768343,0.695097201
229,4.288733381,2.086282649,0.527512609,1.704833146,1.720322153,1.961816614,2.475308163,0.272546543,0.557445627,1.17196977
229,4.260443449,2.042143666,0.523739762,1.650064448,1.702638258,2.062599151,2.506288755,0.26445708,0.569843481,1.066335552
230,3.73399178,2.224638604,1.869451486,1.217786967,1.686949786,1.628532119,2.736139007,0.322926054,0.499019714,0.453890341
230,3.744637021,2.216996146,1.891504421,1.229332124,1.642002728,1.623281791,2.730714182,0.341122986,0.469600288,0.440108375
231,3.383106235,2.565087364,1.684226223,0.918473268,1.665110292,2.177755434,2.10195011,0.663364491,0.96332638,0.171723707
231,3.43723901,2.592399237,1.724292587,0.918959018,1.622098148,2.208302626,2.067151948,0.706624743,0.96054977,0.389297398
232,2.996257676,2.329601248,1.614580867,0.670245853,1.373279893,1.799064719,1.353339095,0.447158031,0.798650645,0.200576927
232,3.025576191,2.354818871,1.631849462,0.6599162,1.371067862,1.756788199,1.336459734,0.494154594,0.800717078,0.194791758
233,3.472181545,2.85569203,1.684163434,1.001089667,1.377738328,2.189544344,1.955652222,0.823895686,1.105043096,1.538949251
233,3.476486784,2.848716853,1.71070234,1.002120187,1.412970614,2.197571391,1.930260577,0.838747193,1.104502978,1.565449343
234,2.947886026,2.392291495,2.147825983,0.50466816,1.580291914,1.598659118,1.643905536,0.630913641,0.868036035,0.507193835
234,2.920758448,2.411878093,2.14785661,0.481614079,1.593738619,1.589920171,1.678426603,0.606324525,0.884757432,0.527807683
235,4.008086052,2.931254106,2.216238128,1.723742781,2.590782771,2.234387267,2.717712195,1.038568471,1.590075275,2.074900732
235,4.006627214,2.959687184,2.229772549,1.668250412,2.601168286,2.279106043,2.6873652,1.030193532,1.590585868,2.078964754
236,2.620115225,2.048286393,1.421932813,0.240798771,2.09666674,1.453012391,1.112269768,0.498310554,0.768638101,-0.12090412
236,2.62446774,2.154545692,1.457124626,0.187520721,2.104452967,1.547897718,1.136720567,0.553883027,0.792391689,-0.033858267
237,3.564679081,2.660087223,1.808210973,0.995635195,1.690461893,2.283007076,2.140853581,0.728353782,1.040206628,0.482873584
237,3.542916258,2.687751848,1.8162413,0.980003372,1.702344358,2.303886922,2.145662471,0.761175813,1.053462605,0.460897843
238,3.537006393,2.781123214,1.826528306,0.980911938,1.75671216,2.511910086,2.227269517,0.8876173,1.129689892,0.432969291
238,3.524782855,2.747908748,1.830716949,0.984977126,1.759516759,2.457154942,2.231800792,0.861534411,1.124830149,0.40654018
239,2.818027842,2.455742996,2.192790397,0.414973348,1.684216795,1.570192561,1.761100539,0.597695186,0.927370363,0.851258349
239,2.821467673,2.456866853,2.175453826,0.408239965,1.659631012,1.511214701,1.72566666,0.563481085,0.921166051,0.881384657
240,2.742607314,2.420895977,2.112068504,0.269512944,1.64650175,1.544440137,1.46686762,0.926342447,1.264345507,0.451786436
240,2.738193706,2.462368046,2.122543524,0.382017043,1.658774321,1.598133646,1.499412126,0.888740961,1.269746373,0.451786436
241,3.483814148,2.497696877,1.536503917,0.934632954,1.543999279,2.14216443,1.988233593,0.583239843,0.93837443,0.350150253
241,3.487234189,2.494294421,1.535082481,0.936119818,1.537226977,2.097223932,2.019483493,0.564602122,0.945104905,0.347370022
242,2.75032742,2.534621019,2.208859844,0.288174854,1.781680624,1.731077437,1.660409825,0.70499204,0.937171621,0.860876211
242,2.755750315,2.524474719,2.201708944,0.23738263,1.775463232,1.74741112,1.656944818,0.707230506,0.939233577,0.853491421
243,3.624802731,2.21079991,1.762303363,1.154728207,1.55448916,1.608526034,1.853637382,0.125481266,0.506505032,0.721810615
243,3.607572964,2.247801478,1.781970674,1.15715444,1.570426178,1.662285516,1.870930358,0.276461804,0.53529412,0.695481676
244,3.674484528,2.721522089,1.945419343,1.103119254,1.695218919,2.039374456,1.601951404,0.45484486,0.802089258,0.292256071
244,3.667222202,2.733076834,1.967594773,1.128399269,1.710963119,2.065392962,1.623662707,0.472756449,0.81756537,0.267171728
245,3.041436112,2.313086476,2.012162068,0.344392274,1.859558573,1.672467313,1.790285164,0.532754379,0.753583059,0.567026366
245,3.01909551,2.277929947,1.964589587,0.367355921,1.817763632,1.649042634,1.735918117,0.469822016,0.645422269,0.478566496
246,2.912184845,2.683857205,2.165837625,0.309630167,1.821448019,1.886095732,1.818555779,0.447158031,0.705863712,0.148294097
246,2.895063248,2.67703177,2.154971442,0.309630167,1.796713063,1.878866337,1.79560198,0.40654018,0.671172843,0.107888025
247,2.936599186,2.388527468,2.09075169,0.457881897,1.541579244,1.481729197,1.578982843,0.684845362,0.949877704,0.440909082
247,2.947933412,2.38854522,2.10462366,0.471291711,1.570075705,1.516270883,1.555940438,0.682145076,0.961895474,0.460897843
248,2.962686534,2.411367136,2.128205344,0.356025857,1.547774705,1.474216264,1.585799009,0.593286067,0.881384657,0.445604203
248,2.929250285,2.385499027,2.126196368,0.359835482,1.572639297,1.502973059,1.589167391,0.595496222,0.86923172,0.397940009
249,3.002135811,2.459678907,2.203929937,0.5289167,1.654176542,1.59206567,1.671543085,0.6599162,0.930949031,0.372912003
249,3.004729677,2.464832198,2.194569839,0.541579244,1.660011221,1.592842683,1.710202015,0.73239376,0.950364854,0.385606274
250,2.835891217,2.479589563,2.203790693,0.392811007,1.642235922,1.662079012,1.624949101,0.587694036,0.923791562,0.786017137
250,2.848691246,2.45711598,2.214516671,0.381028117,1.659332705,1.657733149,1.626823447,0.650098219,0.921178242,0.774079838
251,2.874661072,2.454375685,2.278889867,0.388416531,1.637892083,1.62660394,1.568400243,0.62424164,0.920903235,0.516727903
251,2.897335212,2.424632364,2.264681454,0.335215772,1.620818868,1.59417383,1.658707871,0.657338035,0.902574807,0.548333928
252,3.481664304,2.819122097,1.742740999,0.964181681,1.456540679,2.198367843,1.927045246,0.804010504,1.079243332,1.262294136
252,3.467817996,2.835776672,1.74000186,0.971991902,1.478323539,2.205272132,1.928256903,0.812245722,1.054649346,1.262858498
253,2.751232827,2.411048963,2.263588049,0.241899452,1.60886447,1.520295197,1.612613573,0.757374413,0.929739292,1.149377785
253,2.737281968,2.434367057,2.240347142,0.226438918,1.616132962,1.566773898,1.625338178,0.671986469,0.955451104,1.163281594
254,2.519631139,1.995547449,1.095169351,0.042969073,1.405004665,1.564902673,1.219322508,0.044147621,0.300160537,0.045322979
254,2.519801752,1.971183041,1.09725731,0.033423755,1.433129518,1.586924708,1.236789099,0.046885191,0.346352974,0.000867722
255,2.595516014,2.038156802,1.922430037,0.092936498,1.463027153,1.492314297,1.350768241,0.231634677,0.380727021,0.648587508
255,2.614579143,2.048231645,1.910468211,0.08845921,1.467693955,1.466570394,1.353539184,0.240825965,0.364794428,0.692594128
256,2.967145609,2.426311623,2.314278489,0.454962745,1.5993779,1.453297436,1.633822781,0.704975636,0.87949096,0.637923322
256,2.968893109,2.469712296,2.310579335,0.432328496,1.63967495,1.533610308,1.637345553,0.57633401,0.917512987,0.678098866
257,2.87481799,2.80022891,2.169938809,0.292256071,1.834293512,2.08735543,1.788592556,0.593286067,0.821513528,0.267171728
257,2.843656273,2.771330208,2.122084751,0.290034611,1.763502865,2.030478281,1.738463439,0.551449998,0.757396029,0.167317335
258,3.299465894,2.083753378,1.529430354,0.689308859,2.152288344,1.753506457,1.127104798,0.328379603,0.572871602,0.123198075
258,3.27687063,2.036469199,1.524396122,0.711807229,2.157275396,1.706461738,1.119255889,0.357934847,0.542825427,0.154728207
259,2.937984032,2.394276527,2.125708926,0.342422681,1.750739751,1.659726095,1.7084209,0.608526034,0.802773725,0.636487896
259,2.938289508,2.413902998,2.125741439,0.378397901,1.740520586,1.656289901,1.674034,0.602059991,0.800717078,0.596597096
260,3.780759295,2.400125676,1.393410013,1.162643735,1.622669779,1.84705939,1.988946209,0.362872395,0.653784742,0.467798971
260,3.781489766,2.389806242,1.402205218,1.134914479,1.637700575,1.884396531,1.992198006,0.321199447,0.65085324,0.470584183
261,3.99772238,2.480712993,1.725688985,1.511835685,1.709131309,1.774406933,2.281277762,0.752700205,0.919530611,0.576397354
261,3.978322406,2.464145171,1.73077964,1.472338437,1.700977077,1.849962405,2.403838449,0.575133429,0.87322801,0.561983199
262,2.783095669,2.285714797,2.154819436,0.421603927,1.606918526,1.663700925,1.621176282,0.511883361,0.819543936,1.014100322
262,2.79914059,2.295061045,2.145538236,0.340444115,1.581494542,1.646109522,1.582631439,0.503790683,0.804820679,0.989894564
263,3.360443089,2.381615881,1.870952301,0.593803765,1.979164298,1.805887768,1.868549642,0.4486738,0.644829362,0.694026273
263,3.431773325,2.360079856,1.875084555,0.629932504,1.963652657,1.911434178,1.895187942,0.494896708,0.671524697,0.745353329
264,2.85872933,2.512657382,2.194484754,0.410543155,1.741710921,1.717757336,1.676107591,0.721682252,0.955386465,1.001679758
264,2.86604306,2.530216882,2.297356376,0.441195892,1.723425109,1.757293467,1.745064822,0.721561702,0.988819909,0.962063575
265,3.018729617,2.704038925,2.253047086,0.683047038,1.607240504,1.935003151,1.752432609,0.709269961,0.951337519,0.061452479
265,3.038131156,2.694069678,2.245833335,0.668385917,1.589949601,1.913442955,1.751279104,0.689308859,0.958085849,0.167317335
266,2.582131571,2.150111425,0.977266212,-0.009661145,1.890421019,1.882809041,1.566790912,0.414973348,2.298962182,0.445604203
266,2.595804748,2.139910556,0.976808337,-0.008330993,1.904607364,1.878923734,1.583878598,0.489958479,2.316012304,0.378397901
267,3.137834988,2.524292243,2.001603924,0.450249108,1.890588668,1.783117137,1.790285164,0.485721426,0.67669361,0.672097858
267,3.101987519,2.527049595,1.996117476,0.434568904,1.901512809,1.810098041,1.798926739,0.494154594,0.678518379,0.629409599
268,2.697290384,2.522209416,2.293605603,0.171726454,1.701395269,1.68645751,1.67614468,0.698970004,0.921686475,0.511883361
268,2.695245202,2.564251689,2.281374302,0.221153322,1.696967641,1.680426171,1.690727544,0.695481676,0.924795996,0.505149978
269,2.862518969,2.543732888,2.244821195,0.509202522,1.682235357,1.69019608,1.633872263,1.031812271,1.397940009,0.796574333
269,2.880664992,2.527088306,2.26252228,0.51851394,1.725748333,1.732071941,1.671080233,1.103119254,1.423081958,0.787460475
270,3.409627151,2.157003197,1.758306182,0.700703717,1.940815209,1.642365581,1.80304721,0.257678575,0.447158031,0.334453751
270,3.396999177,2.175163774,1.776047071,0.723455672,1.970672243,1.72542155,1.863501301,0.28780173,0.482873584,0.342422681
271,3.750511842,2.52342469,1.98811017,1.237593673,1.933378931,2.004171809,2.723334361,0.670391021,1.386106963,2.144297251
271,3.743488331,2.459700538,2.021378561,1.227794313,1.971423822,2.011065518,2.756762818,0.697826977,1.354107807,2.138758079
272,2.964368072,2.134368385,1.554125582,0.604226053,1.418963831,1.402261382,1.37821615,0.498310554,0.787460475,-0.040005162
272,2.96125019,2.147336174,1.544688022,0.582063363,1.432327792,1.396896449,1.331022171,0.545307116,0.782472624,0.000867722
273,3.025510673,2.272445019,2.003158834,0.416640507,1.787389621,1.509068045,1.573567773,0.716837723,1.082426301,0.653212514
273,3.008344629,2.300051732,2.015820634,0.338456494,1.805908455,1.571359393,1.578524605,0.747411808,1.103119254,0.668385917
274,2.554234687,2.532486843,2.171580202,0.222716471,1.566083784,1.703892954,1.696356389,0.45484486,0.818225894,0.11058971
274,2.527449444,2.576180044,2.17388524,0.243038049,1.60498163,1.743039155,1.711216524,0.527629901,0.81756537,0.136086097
275,3.017919017,2.487282977,1.657212635,0.675142335,1.510855596,2.11760345,1.331351409,0.701960471,0.896323501,0.349611406
275,3.036420872,2.485557565,1.667990715,0.683870731,1.477935201,2.105423837,1.408329055,0.674504336,0.89712936,0.352332999
276,3.264120056,2.098992788,1.889842155,0.559861079,1.973938083,1.485979158,1.884730928,0.451462347,0.658439888,0.556606746
276,3.281817844,2.078471217,1.867283203,0.528275234,1.974324576,1.445513935,1.895088214,0.44074247,0.683131403,0.458348602
277,2.737436866,2.544436511,2.152844282,0.170099097,1.787518559,1.953642253,1.751687368,0.608487476,0.837889855,0.346107919
277,2.736588656,2.544198724,2.143228414,0.144495912,1.798909013,1.946042419,1.760359633,0.658090154,0.835715053,0.252222657
278,3.051391801,2.273024434,1.990161193,0.440909082,1.750816843,1.604009932,1.68735057,0.462397998,0.699837726,0.561101384
278,3.079987561,2.357839597,2.000390689,0.46834733,1.774516966,1.653019451,1.709269961,0.539076099,0.72427587,0.596597096
279,2.834158047,2.493695576,2.26450929,0.363147631,1.677673024,1.7012126,1.525647693,1.008782651,1.353544447,0.569181016
279,2.788737114,2.503866993,2.261712214,0.371524281,1.686402456,1.670266627,1.540997517,1.024685474,1.368933161,0.540685916
280,3.705906019,2.489857399,1.467203314,1.21259607,1.869400376,1.614891403,2.020928041,0.583062823,0.891016602,0.636590903
280,3.706670443,2.484291764,1.47789314,1.194529936,1.867042859,1.561869036,1.993354348,0.646595485,0.879751945,0.603429694
281,3.543815298,2.808483932,2.127364848,1.288305599,1.798573646,1.71715057,1.89091226,0.797798844,1.075679268,0.774940836
281,3.542438274,2.792871836,2.183304012,1.249400396,1.767355806,1.722706426,1.905386524,0.818427883,1.055295872,0.795690029
282,3.602823033,2.827875375,2.188625693,1.245539741,1.866425376,1.739526477,1.93678922,0.800465989,1.074461784,0.76885606
282,3.625987865,2.813635652,2.187451726,1.23259453,1.927796425,1.753560735,1.928188033,0.801001688,1.044464004,0.75305003
283,2.555928364,2.432568465,1.97510999,0.220108088,1.78554337,1.600101256,1.481585936,0.469822016,0.638489257,0.475671188
283,2.577916695,2.423147532,1.964825118,0.193124598,1.747567163,1.609380944,1.459543258,0.376576957,0.651278014,0.411619706
284,2.814006555,2.416161536,2.255025925,0.236488561,1.600627421,1.665371948,1.590841023,0.738232182,1.01854028,0.757612973
284,2.789650119,2.416577269,2.254999229,0.235920564,1.609792074,1.616570057,1.605905173,0.723959919,1.018243988,0.756916372
285,3.414585651,2.539050994,2.235427436,0.867467488,1.781611782,1.66539335,2.040523226,0.792391689,1.011147361,0.572871602
285,3.415390738,2.555167027,2.246498581,0.877946952,1.80935767,1.652149605,2.032618761,0.802773725,0.966610987,0.534026106
286,2.840250417,2.513470643,2.243484522,0.383815366,1.715334684,1.654561555,1.802157753,0.667452953,0.902546779,0.874481818
286,2.859900497,2.512510964,2.251832819,0.421603927,1.725993259,1.674493717,1.791129001,0.653212514,0.915399835,0.868056362
287,2.777030338,2.408797329,2.162492625,0.256449901,1.663414015,1.524904713,1.539116583,0.647616276,0.905848803,0.93071214
287,2.759680385,2.418992897,2.149604229,0.274539365,1.661561924,1.63913086,1.561287338,0.637523085,0.904115198,0.926735961
288,3.468675711,2.448170535,1.419194569,0.926965415,1.939572875,1.42944671,1.95552384,0.547989108,0.861651029,0.572432578
288,3.462917194,2.451034048,1.442725244,0.933417681,1.970085919,1.436918837,1.955660929,0.53609674,0.868030115,0.517580684
289,2.860846881,2.368324082,1.983490972,0.292256071,1.432969291,1.602059991,1.436162647,0.376576957,0.63748973,0.33243846
289,2.843525532,2.399639115,1.997910367,0.255272505,1.430719888,1.618048097,1.44870632,0.396199347,0.615950052,0.309630167
290,2.892985007,2.418096164,2.174078299,0.368147983,1.802899397,1.589522446,1.651047395,0.94279223,1.226343292,0.3378751
290,2.891465826,2.39211751,2.18049073,0.378509682,1.839163869,1.68048598,1.656783499,0.886849841,1.218828886,0.301327282
291,2.662072006,2.30483779,2.179125152,0.185438929,1.594166117,1.587471266,1.528270334,0.505217426,0.665772463,0.351359982
291,2.66868788,2.316564958,2.173070529,0.173048909,1.602582418,1.568778199,1.540745032,0.445989866,0.692587742,0.473359342
292,2.971651869,2.459533694,2.185418806,0.465097851,1.550855654,1.825618763,1.697179584,0.628944398,0.855975274,0.52408596
292,2.943422411,2.439711276,2.188785227,0.444275408,1.57249872,1.72320761,1.629402271,0.62748867,0.964798282,0.518315545
293,2.090317119,2.038612566,1.262077615,-0.423356231,1.405623597,1.683193746,1.182101292,-0.029663247,0.154532763,0.073753282
293,2.094480337,2.073076444,1.24905019,-0.312809554,1.406963465,1.625150086,1.154418215,0.087652554,0.206348059,0.032454372
294,3.797529363,2.531341749,1.577287611,1.342522994,1.698893107,1.487597286,2.168477799,0.660534399,0.845908591,0.654568526
294,3.797454721,2.548775037,1.585885769,1.332048919,1.686585349,1.436794998,2.190242553,0.599752854,0.786301781,0.626635877
295,3.024772913,2.484627217,2.167966813,0.525044807,1.618571028,1.708590845,1.675778342,0.663700925,0.938519725,0.602059991
295,3.027292514,2.439553733,2.167642195,0.532754379,1.5834255,1.57391544,1.621176282,0.625312451,0.883093359,0.618048097
296,2.974617605,2.226522576,2.005223425,0.31993844,1.710286648,1.388811413,1.634376494,0.451786436,0.782472624,0.62838893
296,2.988380565,2.240024783,2.012035359,0.372912003,1.698448538,1.35545152,1.636688448,0.401400541,0.781755375,0.613841822
297,3.754568486,2.289722698,1.419790586,1.118925753,1.400537989,1.544688022,1.555940438,0.382017043,0.717670503,0.409933123
297,3.753718611,2.266607954,1.430075056,1.169380495,1.390228362,1.544935766,1.589837943,0.385606274,0.715167358,0.352182518
298,3.428983984,2.293500428,1.693341119,0.955395104,1.358270567,1.885545193,1.838177939,0.549460066,0.790364155,0.798464188
298,3.423797311,2.274581792,1.686964296,0.937938497,1.363589191,1.891548488,1.880960116,0.550087984,0.797951771,0.713458319
299,2.755088443,2.434665405,2.063331412,0.195511067,1.677290516,1.572123889,1.590069889,0.588197871,0.931049744,0.538843034
299,2.74473467,2.44180897,2.068381268,0.280537003,1.660816432,1.587774739,1.606849181,0.5858024,0.94600458,0.528920566
300,3.014995011,2.290245586,2.004598707,0.372783086,1.756095928,1.533650881,1.795120204,0.409853702,0.704545583,0.758782523
300,3.048109832,2.288601555,2.013905433,0.374380621,1.793605896,1.54187056,1.778625853,0.419188205,0.674682284,0.773464769
301,3.013650238,2.488282725,2.222924467,0.552668216,1.70372116,1.632558515,1.629409599,0.722633923,0.968015714,1.179264464
301,2.985125463,2.477468551,2.186730376,0.521138084,1.665580991,1.543198586,1.644537058,0.643452676,0.931966115,1.161368002
302,3.294124388,2.37395967,1.588047497,0.506505032,1.969369312,1.654946227,2.102810891,0.338655666,0.613841822,0.953759692
302,3.308391515,2.404816618,1.641672373,0.519827994,1.993920959,1.718501689,2.117900732,0.365487985,0.620136055,0.956648579
303,2.758230408,1.987487506,1.212720154,-0.15490196,2.3917112,1.479719235,1.062205809,0.372912003,0.605305046,0.064457989
303,2.76210062,2.017659274,1.22685757,-0.163043263,2.389485041,1.495127881,1.063708559,0.350248018,0.57634135,0.086359831
304,3.401148853,2.218404199,2.02378728,0.834420704,1.716587578,1.404149249,1.847942639,0.404833717,0.725911632,1.026941628
304,3.403952265,2.225903445,2.017742664,0.824125834,1.733678656,1.40654018,1.868115205,0.376576957,0.700703717,0.989894564
305,2.951725975,2.425941588,2.120672623,0.451786436,1.672005445,1.453471234,1.697490887,0.602059991,0.882524538,0.741151599
305,2.975082394,2.456381218,2.142608436,0.44870632,1.689131197,1.512417549,1.697752274,0.625312451,0.915399835,0.751279104
306,2.767549151,2.479748015,2.251273114,0.367355921,1.671080233,1.688686724,1.472317546,1.044147621,1.374198258,0.650307523
306,2.793678655,2.510384131,2.258421758,0.301029996,1.672374979,1.67292869,1.470263447,1.015359755,1.411451342,0.681241237
307,3.615299701,2.66027717,1.623662707,1.025715384,2.019365575,2.036069701,2.339192974,0.710963119,1.103119254,1.992244144
307,3.612788094,2.585020572,1.613207352,1.019946682,2.008855564,2.051885379,2.328461153,0.696356389,1.095866453,1.989761188
308,3.627146605,2.582040624,1.540579717,1.027349608,1.838912027,1.906658218,2.051191125,0.667452953,1.021189299,1.716253826
308,3.635515916,2.638419365,1.600646236,1.078819183,1.893151213,2.001820217,2.137480709,0.761927838,1.08350262,1.740046724
309,2.839760781,2.624746058,2.086324231,0.229681842,1.766561553,1.97510999,1.768416088,0.615950052,0.88592634,0.414973348
309,2.84393008,2.650715393,2.081059123,0.175511813,1.794906107,1.984482306,1.742096402,0.575187845,0.838849091,0.401400541
310,3.300515052,2.611117634,2.256934118,0.767897616,1.632558515,1.598133646,1.864154956,0.515873844,0.782472624,0.733197265
310,3.284412685,2.588137195,2.280259589,0.764176132,1.636588184,1.625312451,1.918082785,0.498310554,0.808885867,0.696356389
311,3.115830099,2.526920533,2.218351666,0.602059991,1.658488381,1.705863712,1.689220037,0.748188027,0.984077034,0.741151599
311,3.10658862,2.526752694,2.196314385,0.607455023,1.622731965,1.669502834,1.72794771,0.731588765,0.990782692,0.766412847
312,3.323907689,2.120606831,1.293362555,0.638489257,1.893817224,1.279210513,1.797544514,0.165837625,0.480006943,0.064457989
312,3.34829902,2.142514605,1.33725954,0.683047038,1.970904498,1.437274797,1.870930358,0.245512668,0.515873844,0.170261715
313,3.258186954,2.058312121,1.44870632,0.77524626,2.097222593,1.754654069,1.088844563,0.309843005,0.663700925,0.164352856
313,3.260724724,2.101368963,1.469674773,0.783903579,2.111934276,1.769007871,1.154119526,0.383815366,0.666517981,0.247973266
314,3.711339795,2.35305024,1.888684847,1.234517284,1.545059585,1.658774321,2.110556043,0.437750563,0.788168371,1.121559844
314,3.731115537,2.370272468,1.902927096,1.225050696,1.574725584,1.697316542,2.151308548,0.431363764,0.797267541,1.206015877
315,3.507797872,2.53766801,1.623145875,0.974511693,1.696793085,2.16589691,2.078311787,0.668385917,0.981365509,0.357934847
315,3.529004064,2.561494934,1.602710945,0.967547976,1.686546899,2.181471993,2.099024216,0.644438589,0.974050903,0.354108439
316,3.636102577,2.146345129,1.946845114,1.063333359,1.638589083,1.600537294,1.978591327,0.463892989,0.712649702,0.680335513
316,3.659181936,2.226161523,1.975845225,1.08278537,1.647871765,1.633670406,1.986592607,0.498310554,0.710963119,0.673020907
317,2.666430023,2.249760595,2.07795996,0.077246103,1.546062903,1.425377908,1.509528605,0.449818939,0.630205552,0.725000644
317,2.612002058,2.258530279,2.079330111,0.145069213,1.543043989,1.479807636,1.534742517,0.43449124,0.645237567,0.682874907
318,2.705692697,3.316670526,1.726401162,0.184691431,1.627468272,2.137607271,1.361727836,0.409933123,0.665580991,0.204119983
318,2.717703781,3.285681054,1.718833718,0.10720997,1.622938969,2.100473936,1.405175546,0.344392274,0.667452953,0.021189299
319,3.331234909,2.70554728,1.770262738,0.831869774,1.661812686,2.338416648,2.090610708,0.709269961,0.984077034,1.15624619
319,3.315596734,2.667947673,1.761401557,0.84260924,1.639685661,2.28438561,2.101575246,0.695481676,0.996949248,1.162862993
320,3.225379073,2.264935822,0.941511433,0.6599162,1.432969291,1.377306251,1.684126926,0.365487985,0.741151599,0.215373153
320,3.242253128,2.274827255,0.964730921,0.715167358,1.445292769,1.412124406,1.734639839,0.404833717,0.764922985,0.298853076
